{
    "firestore": {
        "rules": "firestore.rules",
        "indexes": "firestore.indexes.json"
    },
    "functions": [
        {
            "source": "functions",
            "codebase": "default",
            "ignore": [
                "node_modules",
                ".git",
                "firebase-debug.log",
                "firebase-debug.*.log",
                "*.local"
            ]
        }
    ],
    "hosting": {
        "public": "dist",
        "ignore": [
            "firebase.json",
            "**/.*",
            "**/node_modules/**"
        ],
        "rewrites": [
            {
                "source": "**",
                "destination": "/index.html"
            }
        ]
    },
    "storage": {
        "rules": "storage.rules"
    },
    "emulators": {
        "auth": {
            "port": 9099
        },
        "functions": {
            "port": 5001
        },
        "firestore": {
            "port": 8080
        },
        "storage": {
            "port": 9199
        },
        "ui": {
            "enabled": true
        }
    }
}