{
    "hosting": {
        "source": ".",
        "ignore": [
            "firebase.json",
            "**/.*",
            "**/node_modules/**"
        ],
        "frameworksBackend": {
            "region": "asia-northeast1"
        }
    },
    "firestore": {
        "rules": "firestore.rules",
        "indexes": "firestore.indexes.json"
    },
    "functions": [
        {
            "source": "functions",
            "codebase": "default",
            "ignore": [
                "node_modules",
                ".git",
                "firebase-debug.log",
                "firebase-debug.*.log"
            ]
        }
    ]
}